Person.id|Tag.id
38|246
38|792
38|1031
38|2007
38|2875
38|3042
38|6878
38|7380
38|8510
534|4843
941|284
941|801
941|1181
941|3057
941|3992
941|6456
941|11247
347|448
347|561
347|778
347|1410
347|1679
347|1985
347|2014
303|1066
977|4844
495|565
495|791
495|1444
495|6945
495|7509
495|10028
75|349
884|1932
884|2889
540|1401
336|142
336|790
336|1530
336|1675
336|2877
336|5157
336|6999
336|9177
336|9261
336|10755
405|595
405|1159
405|2798
405|2802
405|2953
405|6449
405|6987
405|8135
405|12786
688|4870
135|8
135|561
135|562
135|575
135|2057
135|2902
135|3034
135|3058
135|7523
587|436
587|569
587|2777
587|2811
587|7622
59|246
863|1932
863|2787
621|416
314|1035
628|564
43|138
43|254
43|2016
43|2108
43|2902
43|2993
875|1930
875|5478
875|6990
875|7314
875|7588
875|7981
139|58
861|203
861|12507
498|531
422|248
422|2782
422|2972
422|7208
422|12273
285|268
514|194
514|1615
514|11633
746|205
746|292
746|1498
746|1990
746|2882
746|5290
746|9143
728|271
728|2809
728|2886
728|2972
728|5765
728|7020
728|7543
728|10330
50|413
548|426
548|458
548|2115
548|2777
548|2970
548|3103
548|5644
602|429
825|1194
825|1206
825|1667
825|1680
825|1953
825|7509
402|458
402|1153
402|1680
402|2119
402|2785
402|2819
402|2991
402|6438
402|6990
402|9041
109|1650
109|2027
109|2110
109|2812
109|2847
109|6451
109|6706
109|8000
557|434
557|471
557|1198
557|1669
557|2006
557|2093
557|2781
557|2885
557|2937
72|279
72|2877
627|419
627|1454
627|1681
627|2059
627|2786
627|6999
627|7572
416|1758
758|423
790|1563
790|1667
790|6743
790|8897
463|1444
463|3095
463|4844
463|5063
463|5197
463|9333
463|11377
838|61
838|206
838|558
838|2784
838|2856
838|2998
838|3100
838|6400
838|6964
838|7005
65|273
65|2000
65|2941
65|10449
357|1135
357|1174
357|2021
357|2038
357|2885
52|1681
52|1753
982|1735
766|978
708|1018
427|416
427|1444
427|1676
427|1680
427|2001
427|2076
427|2792
427|5119
427|7564
193|782
193|975
193|1023
193|2036
707|1412
667|568
667|1404
667|1676
667|2045
667|2844
667|2930
667|5095
667|15075
559|418
12|444
629|490
629|812
629|2100
629|2795
232|196
232|1764
232|11875
992|4845
186|140
186|1401
186|2009
186|2048
186|2089
186|2792
186|5848
186|7582
216|1143
197|522
197|1672
197|2982
197|5159
585|1444
739|436
388|1929
928|193
429|564
429|2848
429|2854
429|3042
429|3049
429|6945
429|10980
429|12632
28|540
28|1985
28|2052
28|5174
28|7424
732|4870
732|5118
732|11622
258|1011
331|1934
318|410
318|2784
318|2825
318|6987
318|10191
635|416
635|1760
635|2785
635|2977
635|3059
635|7005
635|14899
988|1940
393|577
393|1149
654|426
654|792
654|1990
654|2782
654|2827
654|3041
105|541
105|3098
659|6
659|468
659|973
659|978
659|1762
659|2017
659|2999
659|4847
659|6413
189|1021
189|1086
189|1987
189|12935
837|1590
643|416
643|1987
643|9170
150|754
668|416
668|2844
668|2991
668|9241
668|11644
668|11745
556|420
556|566
556|574
556|2790
383|283
383|441
383|4845
532|6
532|588
532|1179
532|1180
532|9058
326|417
326|778
326|1023
326|1505
326|1759
326|2813
326|7032
326|9040
326|9144
45|266
970|1945
970|1986
970|2015
970|2794
970|5153
717|421
717|468
900|0
900|578
900|2039
900|2779
900|12981
910|138
910|1668
910|1947
910|2054
910|2121
910|3076
910|9241
940|1930
598|199
765|1528
877|1524
239|298
239|1376
524|139
524|1149
524|1987
524|2034
524|6363
524|8209
524|10449
384|1149
396|580
396|1029
396|1149
396|2779
396|2846
396|2939
224|1097
224|6368
177|1032
795|416
795|2847
795|7509
795|7550
619|416
262|448
262|568
262|1193
262|2107
262|2888
262|3012
262|6360
262|6930
262|9209
91|445
91|780
91|2023
91|2044
91|11258
711|433
711|2813
711|3029
711|3055
711|6517
711|7798
308|528
536|1511
579|1444
513|1476
348|801
348|1078
348|2829
348|12766
153|418
153|1172
419|449
663|425
663|1989
663|7731
887|525
374|1149
616|4845
996|1193
996|1758
996|2785
996|2790
996|4870
996|5744
473|275
473|1675
473|1984
473|2777
473|2793
415|468
415|778
415|1021
415|2033
415|2793
415|2807
415|2936
415|4870
88|246
518|1507
842|567
842|781
842|1984
842|2009
842|2025
842|3079
842|7567
842|9150
762|1733
762|2919
762|5640
762|6458
44|253
603|418
86|443
86|578
86|2832
86|2836
86|10371
731|437
731|2879
919|1985
919|1993
919|2004
919|6385
919|6602
685|416
685|1992
685|3012
685|7005
346|1053
212|1857
505|290
505|458
505|544
505|1532
505|1548
505|1863
505|2799
505|2932
505|3039
142|561
353|193
353|573
353|1683
353|2859
353|5124
965|1164
965|1657
965|1909
965|2784
965|2954
327|143
327|205
327|1140
327|1184
327|2830
327|2853
327|2905
327|2980
327|2981
327|5110
114|543
743|146
764|416
712|206
712|1862
712|2804
712|2815
712|4971
712|5848
712|6974
94|458
945|469
945|803
945|812
945|1908
945|9284
945|11875
564|419
564|469
203|1071
122|1667
122|1974
122|2787
122|2793
122|7001
959|298
959|1545
959|2037
959|2784
959|2802
959|2878
959|2880
959|2883
959|7522
959|9299
997|1498
997|2847
36|261
36|796
36|2003
36|2916
36|3060
510|146
510|1617
510|1645
510|2066
510|2779
510|2790
510|2986
510|6892
510|7297
412|1162
278|529
278|1545
278|11250
675|8
675|140
675|431
675|582
675|2020
675|2040
675|2078
675|2900
675|3039
675|6991
13|1535
13|2088
13|9063
204|6
537|1863
275|1021
275|2097
275|2117
335|1054
568|291
568|1670
568|1930
568|2906
568|2933
568|5792
568|6673
568|7393
568|7522
221|470
221|1129
221|2935
221|3047
221|3104
221|4849
221|6451
73|783
73|1150
73|1202
73|2072
73|2818
73|9146
733|416
669|1750
669|2793
669|2918
669|3041
669|7211
726|147
726|565
726|566
726|807
726|1547
726|1616
726|2797
726|11633
408|1154
408|1670
408|2794
483|1423
483|1986
483|9329
235|414
436|1389
844|1021
844|1749
844|1995
844|2020
844|2031
844|2093
844|3094
844|5174
517|1512
517|2880
544|522
544|1614
544|2007
544|5174
118|1
118|1180
185|1862
48|140
48|149
48|1184
48|1498
48|2874
370|596
370|1149
370|1984
370|2098
759|0
976|193
976|1681
976|1863
976|1984
976|3085
976|7564
33|250
33|2834
33|11687
178|251
609|433
609|2900
156|564
156|567
156|781
156|1909
156|2837
156|5114
156|5157
156|6368
102|869
102|2779
102|2823
102|2997
102|5183
333|1043
333|1954
333|2093
333|2968
56|1446
770|1538
770|3041
852|1753
936|2854
569|776
569|4870
486|1086
630|541
630|2797
927|1453
451|1955
451|2785
451|2804
451|3104
451|12814
729|416
542|432
542|544
911|798
911|1864
911|1956
911|2075
911|3053
911|6692
430|777
430|1377
430|2035
430|2063
430|2801
430|2844
430|3015
430|3020
430|5378
430|11667
83|410
83|2062
83|8260
340|539
979|2094
979|2891
979|3020
979|4845
979|9310
896|138
896|538
896|1771
896|2089
896|5832
896|5879
896|6405
299|51
300|979
300|1183
300|2115
300|7380
300|9195
300|13658
300|13829
297|1144
297|1766
297|2882
297|3056
297|7348
394|1149
394|2095
394|5159
394|6369
394|7523
182|1410
182|1532
182|1760
182|2004
182|2821
182|2950
182|2997
828|779
828|1667
882|1411
882|1985
882|2089
882|2914
882|2965
882|4849
878|205
878|524
878|577
878|1527
878|2779
878|2848
878|2962
878|3028
878|5191
853|1747
529|561
529|2826
79|47
819|1685
819|1941
819|2004
819|2063
819|2839
819|6945
819|6981
819|7506
819|9241
819|9474
3|6
3|143
3|5183
149|666
149|975
149|2044
149|2799
149|2803
149|2807
149|6534
149|6690
149|6833
149|7507
78|1439
78|3028
319|243
319|565
319|1617
319|2996
319|10217
180|578
180|586
180|1021
180|1033
180|1171
180|2017
180|2115
180|2778
180|2784
683|424
683|2780
683|2808
683|3098
938|1023
938|1188
938|1450
938|1673
938|2038
938|2879
938|3061
938|4351
938|5133
938|6980
951|149
951|568
951|1027
951|1674
951|2980
951|3228
951|7602
5|6
5|588
5|1171
5|1173
5|1180
5|6945
176|1026
434|774
434|1654
434|2018
434|2046
434|2794
434|2823
434|3066
434|3074
434|3103
434|7594
572|471
572|4870
952|1753
760|1919
157|776
157|782
157|973
157|1677
157|9058
886|278
886|1932
886|2953
886|9188
886|9845
785|1535
785|2785
785|2787
785|2788
785|6383
785|6413
490|1410
613|139
613|1525
229|1021
229|2045
229|2803
229|2860
829|1667
445|262
980|60
980|1152
980|2093
980|4845
980|5191
980|9040
137|214
535|1509
521|1511
778|523
778|1863
778|1911
778|6365
778|6945
778|9170
778|13815
4|6
4|808
4|973
662|416
709|1749
231|1128
201|1103
487|1425
476|294
476|567
476|1933
476|2992
476|3035
491|138
491|1733
491|1985
560|1749
11|1508
11|2788
11|6409
11|7519
715|205
715|559
942|468
942|1864
942|2846
942|3697
942|5586
942|5834
942|11293
942|12948
280|196
280|812
280|1684
280|1864
280|1908
280|3001
280|3049
280|3074
280|11875
280|13818
736|243
1|1995
889|417
835|1048
835|1180
835|1452
835|2086
835|2123
835|5078
835|13367
986|298
986|780
986|1401
986|1668
986|2777
986|8062
986|10664
287|1120
661|145
661|429
661|2918
661|5711
661|14884
575|430
276|1408
622|294
400|1161
937|538
834|145
834|1733
834|2009
834|2090
834|5000
834|5133
834|7509
545|4870
545|6409
545|6945
948|94
123|973
780|581
780|803
780|1539
780|1984
780|2044
674|8
674|973
674|1450
674|1615
674|3045
858|1761
858|6917
876|1167
876|1170
876|2046
876|2813
876|3109
876|9209
658|458
658|1153
658|1176
658|3007
658|6945
658|7005
464|1594
464|6418
96|475
929|2841
929|2938
929|4545
929|6360
960|410
960|1674
960|2066
960|2068
325|1092
325|1177
325|2086
325|2786
325|2894
325|5119
325|5384
325|7519
325|7582
618|1063
618|2778
618|2828
618|2900
618|3003
618|3078
618|5657
254|1501
888|53
888|2025
888|6940
693|1107
693|1200
693|1673
693|1864
693|2822
921|355
921|2976
921|5848
694|432
143|1165
489|4844
449|1386
679|1749
983|581
983|1758
983|1763
983|1984
983|2002
983|2039
983|2871
983|4845
983|5545
881|1932
696|430
696|2005
696|2883
696|2995
696|5438
179|565
179|1051
387|1168
406|545
406|588
406|1198
406|1940
406|6413
406|6945
406|9317
406|10449
511|441
860|1763
257|1069
671|417
225|1030
225|1153
225|1154
225|1504
225|1988
225|2121
225|7516
225|9238
225|11644
55|6
55|565
958|1451
958|2867
958|2928
958|3637
958|10037
213|68
167|775
167|2031
159|445
991|1732
991|2826
991|6964
991|7594
767|588
767|1527
767|2832
767|5070
893|1948
250|1021
250|1986
250|6982
480|526
480|1759
480|1986
480|1993
480|2086
480|7574
480|7585
480|7590
899|544
899|1532
899|1533
899|2793
899|6438
21|462
21|2945
21|6383
21|10412
173|1602
371|1149
943|2916
943|3013
943|4259
943|6945
772|1161
772|2794
466|561
166|148
166|778
166|1988
166|9058
166|9176
987|569
987|2092
987|3007
987|3100
987|4845
987|6695
987|7015
987|7029
987|9770
786|1565
786|2037
786|2913
786|6365
786|6383
565|416
565|417
565|790
565|1172
565|1444
565|1617
565|2779
565|3060
565|6409
496|193
366|545
366|1172
366|1444
366|1545
366|1678
366|1767
366|9095
366|9146
366|9188
366|9474
99|1754
99|2859
99|3069
398|1149
398|1204
398|2779
398|2901
398|6961
398|7517
398|8374
453|1534
263|1130
175|1016
140|561
71|334
71|1173
814|139
814|568
814|780
814|1197
814|1668
814|1952
814|2818
814|2927
814|5133
814|5159
446|1393
745|1733
745|3086
850|1936
341|6
699|423
699|1753
699|2037
699|2959
699|6383
699|6964
699|8855
563|1962
998|1986
998|1994
998|2779
998|2878
998|2999
998|4870
998|7509
932|2777
892|1547
892|1766
892|1941
892|1989
648|438
648|6400
648|7602
648|9680
648|13512
66|1859
531|1738
531|12273
520|1513
632|244
632|2933
738|419
738|2810
738|6704
738|9170
591|639
35|353
269|1124
53|257
53|2914
690|493
22|1930
22|5448
22|7217
22|10314
550|439
550|2971
550|7523
504|1150
666|421
901|433
901|3104
571|1929
571|2996
571|3078
571|8195
17|445
716|424
716|568
716|1683
716|1763
716|2938
716|3103
716|9272
716|12273
131|788
131|1896
131|1985
131|2975
131|5762
131|7598
131|9163
131|9474
395|790
395|1028
395|1149
395|6458
395|7015
395|7570
395|7598
395|9534
647|416
647|571
647|1993
647|2781
647|2847
647|5118
647|7509
647|9479
420|416
420|1667
914|2269
168|290
168|562
168|2789
168|9620
101|1498
101|1614
101|1940
101|2109
101|2777
101|2794
101|2805
101|2828
101|2879
344|1086
344|1670
344|2065
344|6600
344|6930
344|9097
344|10489
344|11377
706|196
31|246
31|780
31|2010
31|2813
31|2899
31|2944
31|4982
31|9102
31|9486
908|574
908|1965
908|9241
640|418
640|2031
640|9144
843|1750
651|422
439|155
682|1155
682|7523
973|2853
973|2862
973|2934
973|3030
973|4843
973|7001
973|7520
973|7564
973|11254
64|6
64|139
64|273
64|6365
64|7512
64|13148
753|421
442|1379
266|577
266|1051
266|2853
266|12689
417|458
417|1365
417|1547
417|1991
417|3035
417|4938
417|7844
841|1749
426|776
426|783
426|1415
426|2799
426|2807
426|2931
426|5002
426|6945
426|7519
274|575
274|1929
274|2998
570|433
570|2787
570|2788
570|6449
289|1134
191|458
191|580
191|794
191|1028
191|1505
191|1545
191|2004
191|9157
191|10028
680|286
680|422
680|1909
680|2781
680|2786
680|2789
680|2944
680|5394
680|14622
646|1149
788|1545
41|278
41|411
41|2841
41|2896
41|3006
41|11365
41|13452
155|144
155|430
155|578
155|788
155|976
155|2007
155|2012
155|2831
155|2952
190|1779
293|1035
859|275
859|1864
859|2034
859|2895
859|2926
859|2997
859|9486
859|14321
963|4843
125|1524
856|1798
649|419
649|7509
913|278
913|1763
913|1863
913|1909
913|1995
913|2538
913|2804
913|2923
913|6048
702|420
702|774
702|2058
702|2067
702|3102
702|5205
702|6945
702|7555
702|9209
10|22
10|2008
10|2059
10|2779
10|2999
10|14118
42|2826
230|579
230|1025
230|1857
230|2033
230|2092
230|6132
230|7943
477|278
477|1862
477|2067
369|1149
369|2859
369|3102
781|1152
334|974
334|1023
334|1506
334|2784
823|1909
773|1533
773|2036
773|2777
773|2790
773|2812
773|2837
773|2919
773|2991
773|5191
414|1251
414|2968
414|6354
538|138
538|776
538|1984
538|2014
538|2364
538|3019
538|9610
538|13828
14|4843
605|420
580|243
620|264
620|6945
660|565
660|1168
660|2042
660|2043
660|2780
660|2931
660|3088
660|5574
807|1703
82|558
82|2023
62|2788
62|2830
62|4870
103|522
809|1680
281|2008
281|2061
281|2068
281|2985
273|269
273|1863
273|2016
576|420
576|3028
576|7509
576|12273
964|416
265|139
265|1046
265|1201
265|2095
265|2934
265|5118
265|6933
265|10596
265|11557
265|12196
247|1121
737|268
372|807
372|1150
372|2071
372|2815
372|2819
372|2941
372|7257
372|8072
133|222
361|196
361|589
361|595
361|812
361|1031
361|1954
361|3108
361|14846
424|149
424|565
424|1671
424|1672
424|1984
424|2850
424|2954
424|4847
424|9141
811|577
811|1191
811|1616
811|1668
811|1674
811|1993
811|2020
811|2061
811|2999
811|3102
482|1732
830|1733
830|3080
830|7380
848|280
848|568
848|1753
848|2047
848|2066
848|2780
848|9326
76|2121
76|2823
76|2833
76|2872
76|3024
76|4845
76|5775
76|6981
170|782
725|138
725|416
725|417
725|9058
456|775
456|1193
456|1545
456|1749
456|2789
456|2792
794|1184
794|1189
794|1612
794|1615
794|7015
516|1509
995|1747
995|6399
995|6714
187|1067
761|1007
761|1031
761|3003
597|561
574|436
7|244
7|14497
920|1984
547|430
547|2006
547|2053
547|2779
160|1659
160|2095
160|3038
160|5535
160|7516
160|9776
903|1547
903|1943
903|2866
903|2890
903|9174
470|1417
566|1527
551|1545
309|782
309|1021
309|1940
309|5163
309|7015
309|11250
46|54
46|545
46|2066
46|2837
46|3082
46|5063
756|977
756|1862
756|1930
756|2054
756|2118
756|3018
756|5580
756|11302
377|471
377|1454
377|1679
377|1857
377|2841
377|2910
377|2929
377|2970
377|6962
377|9672
939|3814
283|1046
283|2035
283|2046
283|2118
283|2789
283|2991
283|5583
885|1182
885|1932
206|1033
614|422
614|2886
614|7604
720|1930
199|1636
199|2006
199|2106
691|974
310|284
310|292
310|1118
310|2786
310|2837
310|3024
310|5184
310|5215
310|5527
310|11745
527|1504
601|1956
356|1023
356|1026
356|2823
501|1929
501|2840
501|3045
501|7509
403|246
840|1749
840|2853
459|1032
459|1403
459|2060
459|2068
459|2075
459|2095
459|2953
459|3047
459|5152
459|5160
67|273
851|1749
751|2176
751|2801
503|277
503|559
503|1989
503|2000
503|2067
503|6516
744|421
744|973
744|2036
744|6409
148|446
826|1181
826|1669
826|1675
826|1683
475|775
475|1424
208|569
208|1022
208|2782
208|4849
208|7604
704|429
704|2879
37|290
37|1524
37|2092
677|1929
423|684
423|2092
423|2934
423|2937
298|1848
298|11633
953|294
953|1987
953|2780
953|2786
953|2788
953|2805
953|2827
953|3100
953|6413
953|7507
373|1149
526|1187
984|4845
984|7516
984|7522
984|7523
984|11625
984|11899
984|15033
245|275
245|776
245|1677
245|1988
990|4845
485|778
485|1021
485|1403
485|2071
391|1149
404|568
404|973
404|1024
404|4845
404|5530
404|9486
404|9685
404|10055
404|14244
686|1547
686|1592
312|1164
312|2017
312|11628
252|1023
252|1616
252|2015
252|2778
776|1945
776|2787
323|1093
323|1154
323|1183
323|1615
323|2777
323|2827
323|2873
323|3085
323|6999
323|11586
211|60
211|1112
211|2815
211|3045
211|6934
583|426
583|595
583|2786
583|2914
583|3019
583|3096
583|7509
866|580
866|807
866|975
866|1185
866|1198
866|1862
866|2797
866|2829
866|3044
578|428
578|977
578|7281
339|1021
339|1023
339|1026
339|3085
339|6413
146|589
146|1954
146|3049
146|3074
146|12273
146|13818
588|416
444|1032
444|2778
802|1644
802|6649
530|9
530|565
530|1030
530|1504
530|1505
530|1984
530|2041
530|9231
530|11250
530|11546
128|4843
392|1149
883|1403
195|1037
789|1579
789|1616
789|2019
789|2033
789|2060
789|2778
789|2858
789|2923
789|7032
789|7380
985|4845
985|6934
360|4847
58|257
820|1675
820|1689
820|6358
820|11687
820|11762
968|2862
968|13756
345|141
345|1112
345|1863
345|2835
345|5874
117|414
236|543
236|565
236|1993
236|2106
236|11687
500|774
500|1448
500|2000
500|2781
500|5262
500|6400
57|1747
110|543
110|1174
110|1667
272|193
272|565
272|593
272|2782
272|5901
288|1498
594|422
27|243
827|299
827|1673
827|2843
827|2874
827|3027
827|3105
827|6405
827|7034
386|243
895|1401
895|2012
895|2093
895|2839
895|2840
895|5191
895|7325
121|278
121|3022
121|6761
270|1031
270|1954
270|3009
606|292
606|428
435|1375
435|3015
435|6933
435|7522
413|1404
413|2075
413|2779
413|15290
650|424
650|776
650|1410
650|2985
650|11687
592|138
592|416
592|448
592|571
592|2793
592|2886
592|3051
592|6399
592|7005
51|1401
615|1401
69|244
69|2007
69|2033
69|2034
862|565
862|1445
862|2915
862|2934
862|3042
862|6369
862|8566
106|1498
227|193
227|287
227|785
227|1617
227|2022
227|2852
227|5191
227|5871
227|7521
803|148
803|578
803|774
803|809
803|1644
803|1991
803|2818
803|5063
296|143
296|468
296|596
296|1021
296|1673
296|1771
296|2784
296|2839
296|2856
296|3055
104|539
104|591
104|1180
104|2059
104|2787
104|3046
104|7025
561|420
879|1398
421|565
421|1195
421|1199
421|2801
631|3001
631|4863
460|1862
40|193
40|1771
40|2842
40|2847
40|2855
40|2935
40|6871
40|6938
40|9238
40|13855
497|4849
311|582
311|1224
311|9272
311|13384
867|596
867|1172
867|1863
867|3000
752|418
752|978
752|1027
752|2788
752|2872
752|9058
752|11698
752|11985
29|246
29|1675
29|1985
29|2009
29|2019
29|2031
29|9241
165|867
165|1200
165|1761
165|2021
165|2048
165|2821
165|2873
165|2909
165|2945
165|9163
2|0
367|590
367|1022
367|1150
367|1617
367|2965
367|5951
367|6367
367|7075
253|206
253|558
253|1770
253|2824
818|1446
777|779
777|782
777|1863
330|1100
313|1992
555|427
161|1930
915|2031
915|2075
915|5158
915|6945
915|9174
687|1732
243|1772
301|1755
596|475
596|977
596|1995
596|2931
596|3084
596|12341
596|13816
97|473
292|778
292|1190
292|1401
292|1749
292|2849
292|9261
410|143
410|1156
410|1188
410|2838
410|7598
410|7900
410|9413
625|416
625|417
625|448
625|1672
625|2003
625|2813
625|2914
625|5156
625|7005
80|1930
967|1415
617|294
617|429
617|2815
617|6456
617|6637
19|1034
494|530
494|1173
494|5184
870|798
870|1410
870|1498
870|1667
870|3060
870|5556
870|5949
870|6571
787|1545
447|1380
447|3045
447|11698
375|1149
375|1192
375|2080
375|12296
949|196
806|1153
626|278
626|291
626|427
626|1984
626|1995
626|2805
626|3000
626|6368
626|8534
763|206
763|419
222|1023
222|1026
222|1506
947|4
947|6964
947|7317
947|9146
581|416
581|2795
581|2849
581|3051
581|3101
581|6962
332|1603
25|208
152|458
152|565
152|796
152|1200
152|1667
152|1668
152|1988
152|2811
152|7005
673|416
673|417
673|448
673|1987
506|522
506|3032
132|561
132|2031
637|565
238|1052
238|1182
238|1669
238|2068
115|546
115|1505
433|1383
926|458
77|527
317|1092
805|0
805|277
805|3076
805|11495
362|468
362|1091
362|1997
362|6384
184|470
184|1021
184|2033
184|3044
519|522
519|2801
519|2942
519|8875
993|3114
993|4845
522|1444
522|1517
522|1758
522|1768
522|2803
522|2831
522|2919
522|5198
522|11875
8|543
8|1675
8|1986
8|1987
8|1994
8|4847
8|9141
824|1192
824|1660
145|662
634|1770
994|2599
923|3402
237|1057
237|2880
237|3033
237|3065
237|5183
237|15199
623|553
223|1929
284|1749
337|1101
337|4847
931|677
931|2822
9|42
971|1611
971|8904
946|1556
533|1504
249|1933
672|429
783|1753
783|2975
49|2024
432|449
432|1377
432|5758
815|1672
471|794
471|1929
471|2833
471|2863
471|3065
471|6130
471|6990
471|7520
471|11537
502|1157
502|2779
502|2809
452|561
349|1866
349|2777
710|421
608|1787
608|6176
902|1593
978|1987
978|2082
978|2951
978|4845
978|12902
342|275
342|777
342|2797
342|2828
342|3021
800|1659
905|594
905|791
905|808
905|1676
905|1953
905|7380
407|1152
407|1681
407|2777
407|2780
407|2789
407|5192
407|10882
126|1749
271|141
271|464
271|1174
271|1995
271|3030
271|6602
271|6987
271|7582
271|9170
604|243
604|576
604|2897
604|2999
364|784
364|1987
364|2043
364|3184
130|559
18|74
18|2082
18|7604
831|576
831|1507
831|2780
831|2799
831|7545
831|11398
286|1021
286|1617
286|2857
286|5163
286|9647
183|1137
183|10891
32|558
754|281
754|1204
754|1611
754|2032
754|3053
754|5118
754|14502
771|607
771|10344
261|558
261|2087
641|40
698|428
698|469
698|1676
698|6413
698|14713
233|1128
233|2824
379|416
379|561
379|2838
379|7545
379|9040
379|9209
282|1091
196|8
196|780
196|1073
196|7730
242|1038
255|1112
255|2975
933|2930
441|454
441|1184
441|2833
390|1149
469|1862
670|448
670|1959
670|1994
670|2058
670|2061
670|7396
880|779
880|1934
880|2925
880|2997
880|3080
880|7181
226|1046
437|6
437|565
437|1186
437|1940
437|2956
437|6413
437|10028
181|975
181|1038
181|2981
181|9227
181|9840
181|10067
925|273
376|1149
523|575
162|252
162|787
162|1176
162|2790
162|2893
162|2914
162|3058
162|3102
162|7587
162|10037
316|1399
316|2077
316|2783
316|2798
316|2896
316|2935
316|3055
316|5118
316|7029
316|9319
454|1403
454|2048
454|9058
645|1442
577|559
92|441
92|2810
92|2821
92|5932
92|13489
92|14571
962|1764
962|1932
962|2028
962|2113
962|2779
962|6405
962|13018
653|140
653|422
653|1616
653|2058
653|2901
653|3047
304|418
304|566
304|783
304|1021
304|1030
304|1504
304|1505
304|9170
304|11622
358|538
358|9497
358|10766
259|973
267|1104
244|283
244|571
244|4845
244|13665
448|1220
448|2021
448|2785
448|2878
448|2943
448|3011
448|5862
448|6981
368|1150
368|1170
543|421
256|193
589|430
589|1988
589|2872
589|3061
171|1747
676|138
676|593
676|897
676|2034
676|2778
676|2873
676|5191
821|1676
966|2782
47|253
47|15266
474|1770
474|12296
509|1498
509|7871
857|559
769|1406
84|410
84|7380
599|138
599|1525
599|1670
599|2956
599|5039
599|5153
599|5159
599|5161
599|12869
890|1947
890|3093
15|43
15|468
15|1614
15|1668
15|2835
151|62
151|196
151|589
151|1908
151|6383
290|0
290|2096
508|1458
350|528
350|595
350|6478
350|7604
350|9040
26|243
26|2815
904|468
904|566
904|1955
904|6950
904|7570
87|1819
810|522
810|585
810|1403
810|1505
810|1763
810|2829
810|3102
810|5395
810|7053
111|544
912|1914
70|6
70|468
70|973
70|1678
70|2005
70|2813
689|1532
467|1417
467|2783
748|2232
748|2780
172|1732
172|2066
172|2782
462|1410
499|411
499|2015
499|5405
20|138
20|11848
593|286
593|973
593|1404
593|2797
593|2800
443|590
24|207
24|801
24|1182
24|1864
24|2011
24|2115
24|2798
24|8452
954|1413
954|2950
954|13232
779|1671
779|7509
657|1733
200|783
200|1711
200|2854
747|420
871|205
871|1172
871|1759
871|2005
871|2069
871|3045
74|345
74|3056
74|3072
74|5183
74|6976
74|14695
801|109
801|975
801|1023
801|2012
801|6802
989|1444
681|424
584|1444
584|1678
584|2003
584|2885
584|7015
584|9144
584|9474
584|11542
329|259
812|62
812|589
812|595
812|803
812|812
812|1684
812|3074
812|3108
812|12273
956|143
956|530
956|812
956|1985
956|3000
804|1669
804|1672
804|1677
804|1953
804|1986
804|2785
804|5133
804|5158
804|6449
804|9174
205|4844
277|1023
277|1026
277|1030
277|1985
562|6
562|433
562|2794
562|2839
562|2979
562|2992
562|6931
562|6952
562|7603
562|9317
411|258
705|1929
138|1617
138|1987
138|2008
138|2022
974|4844
120|1183
120|1912
120|2860
950|1501
950|2946
950|2962
950|5132
950|12181
228|478
228|2845
228|2900
228|5428
228|11258
791|792
791|1032
791|1948
363|1150
612|145
612|416
612|568
612|1533
612|2089
385|6
385|205
385|1179
385|1424
385|1546
385|2779
385|2890
385|2916
385|2967
385|6410
382|564
268|193
380|1149
54|257
127|23
127|2852
741|432
741|790
741|11628
425|214
865|558
478|1427
839|1546
839|1732
839|2810
839|2848
839|2863
839|3104
839|7014
381|275
246|139
246|268
246|544
246|2021
246|2118
246|2962
246|5762
246|7538
246|8343
246|13217
639|282
639|1733
639|2795
918|1149
918|1173
918|2034
918|2104
918|2790
918|2804
918|2876
918|2964
918|7547
918|11633
749|561
85|448
701|1403
701|1993
695|1398
695|6686
678|429
678|2778
678|2854
678|3010
678|7621
678|13987
922|2024
922|2100
922|2818
922|2951
922|5789
922|7014
922|7364
922|10346
922|13470
922|14098
846|1938
730|416
194|776
194|1683
194|1735
194|1908
194|2804
194|2819
194|2995
194|6981
194|7880
194|9161
782|1031
782|1190
782|1936
782|2015
782|2067
782|2912
782|2954
782|2975
782|6451
607|417
742|417
742|1673
742|1909
742|3027
552|6
552|1406
552|2903
552|11698
586|529
586|2975
586|5781
586|9455
322|1530
944|1447
944|2796
944|2938
944|9386
944|11408
727|6
727|449
727|7587
60|254
60|282
60|545
60|2090
60|2778
60|7181
60|9272
218|538
218|1669
755|147
755|431
755|1180
755|2790
755|3026
755|3092
755|5132
755|7853
241|1071
636|416
112|556
112|2928
112|5063
34|61
34|9209
307|1375
307|4871
307|5499
549|1929
107|1164
107|1989
107|2059
107|2079
107|3037
107|6981
107|9238
107|9326
107|11379
107|11628
719|418
719|1403
217|522
799|569
799|1620
799|3067
868|4843
868|9097
868|9261
251|1149
251|1908
251|2020
251|11698
215|522
479|1190
479|1442
479|2837
479|6383
479|11609
95|458
95|806
95|2941
457|1404
457|2894
874|448
969|3053
192|286
192|458
192|4845
192|11628
154|650
23|196
23|203
23|812
23|2780
23|2802
23|2817
23|2863
23|6396
23|7522
23|10315
595|1749
134|561
907|1658
924|2789
924|2811
924|2918
528|4845
378|273
378|1997
378|2902
378|2970
378|6358
315|1034
832|1175
832|1732
832|1986
832|2002
723|420
723|1993
723|2809
723|2922
723|6369
723|7266
723|10132
723|11695
723|14385
481|561
481|977
481|1177
481|2003
481|3007
481|6990
481|9040
365|1149
365|1988
365|1992
365|2009
365|2887
365|6395
365|6409
440|554
440|6394
461|946
461|2869
461|10706
461|11459
855|292
855|1498
855|4844
855|6413
855|6962
855|15401
188|564
343|4870
352|566
352|1076
352|1679
352|1995
352|5190
352|7361
652|433
768|1862
198|1755
198|1987
144|570
144|1667
906|1955
418|2205
872|1930
872|2880
872|3022
872|6575
872|8848
0|1860
0|1909
0|2044
0|2802
0|5184
0|5524
0|9657
0|12385
0|14781
63|794
63|976
63|1403
63|2034
63|2085
63|2093
63|3088
813|1670
664|416
664|2091
664|5183
664|7005
664|11644
642|1863
492|786
492|1012
492|2779
492|2782
492|2927
492|7255
492|9095
492|10449
492|13818
836|196
836|1737
836|2801
836|2859
108|314
108|1201
321|1600
321|2979
321|8282
798|416
798|543
798|544
798|1995
798|7522
740|2000
740|2998
740|4848
582|434
484|6
484|206
320|1864
320|6383
291|1094
291|2009
291|7405
515|785
515|1404
515|8466
573|143
573|809
573|1980
845|1754
817|471
817|474
817|2787
817|3078
355|1417
214|1914
359|146
359|777
359|1098
359|2939
359|6409
359|9340
119|282
119|416
119|1527
119|2780
119|2830
119|3044
700|435
700|2810
700|5197
141|1149
141|1614
141|2785
141|2799
141|2815
141|2825
141|2873
141|2894
141|7940
141|13024
961|4430
306|1045
389|140
389|1149
389|1454
389|1614
389|9174
975|58
975|597
975|3039
975|4844
209|1038
655|434
655|1022
655|1454
655|2023
655|2080
655|2779
655|2819
655|2823
655|7034
655|11875
100|1548
100|2021
100|2056
100|2780
100|2803
100|2845
100|2930
100|4843
611|1860
611|2849
722|565
722|1413
722|2051
722|2814
722|2822
722|3035
722|4936
722|9481
722|11698
697|416
697|1533
697|9231
864|1857
864|1984
864|8544
854|1785
68|273
68|1863
68|2940
68|5183
68|5302
68|7032
734|441
734|2926
734|2980
734|2983
734|6548
734|7114
734|7790
164|538
472|1422
916|2146
600|424
468|4843
328|1022
328|2082
89|273
89|597
89|3060
89|6365
465|139
465|596
465|973
465|1070
465|1505
465|1993
465|2855
465|9448
869|449
869|565
869|2785
869|2815
869|11408
869|11622
541|139
541|277
541|1758
541|1862
541|2046
541|2777
541|6397
541|8393
541|9195
638|410
957|1910
116|543
493|1930
981|445
774|1403
248|1072
30|251
264|252
264|1864
264|3027
692|1176
692|1200
692|1929
692|2963
692|3012
692|5166
692|7751
692|10118
455|2836
455|2969
450|1401
450|1912
450|3086
558|416
558|7005
554|639
972|3137
590|448
590|580
590|1410
590|1671
590|1679
590|1759
590|2803
590|7005
397|1590
61|410
539|1524
539|1614
539|2859
539|3060
539|8539
338|441
338|2804
338|2994
338|5012
338|5193
338|5480
338|6561
338|10174
553|424
147|713
147|2919
147|13620
81|558
81|780
81|3004
81|11582
665|1991
999|4870
624|417
721|8
721|594
721|595
721|781
721|1766
721|1938
721|2087
721|2812
721|2912
721|11358
240|59
240|299
240|1081
240|1989
240|1999
240|2112
240|2789
240|2933
240|5567
240|9670
174|60
174|1908
174|3001
174|3074
174|6383
894|565
894|1398
894|2084
894|3010
894|3072
894|7509
202|1862
428|1411
488|1375
488|1421
488|2095
488|2920
488|5143
488|5459
822|1715
822|2848
351|1674
351|2837
351|3034
955|4357
507|545
507|778
507|1909
507|1912
507|2987
507|3078
507|4844
507|5183
792|4843
792|5053
656|439
207|1023
305|206
305|293
305|453
305|1022
305|1170
305|1995
305|2018
305|2814
305|7025
354|1119
784|1538
784|6991
124|1747
163|4845
610|424
610|1032
610|1940
610|2846
610|6394
610|7092
610|9238
610|10181
808|293
808|458
808|1673
808|2781
808|2842
808|2851
808|2859
808|5707
808|6380
724|428
724|572
724|2095
724|2845
724|5174
724|10410
724|15423
847|1756
210|1410
816|244
409|458
409|794
409|1153
409|1504
409|1987
409|2793
90|450
718|423
735|794
735|1403
735|1995
735|2053
735|2779
735|2950
735|3093
735|9474
136|522
136|2803
136|2828
136|6931
136|11375
567|427
567|1673
567|3042
633|421
633|1031
633|1995
633|2063
633|2824
633|2869
633|6438
633|7380
633|11408
935|790
935|1883
935|2814
935|2959
935|7507
935|10200
935|10449
399|1149
793|139
793|1375
793|1606
793|2085
793|2780
793|2800
793|7522
793|8551
295|1039
295|2091
295|2788
295|2792
294|976
294|1454
294|1760
294|2044
294|2780
294|2782
294|2801
294|4844
294|7015
294|11622
431|1384
873|1627
797|544
797|561
797|570
797|1026
797|1171
797|1678
797|2091
796|1929
260|1930
260|2853
260|6980
260|7522
260|10368
260|14580
891|976
891|1164
891|1547
891|1940
891|2935
158|6
158|575
158|973
684|417
713|429
713|2037
713|2068
713|2803
713|2826
713|5611
713|9058
849|794
849|1532
849|1753
849|1993
849|2053
849|2777
849|2781
849|2932
849|3042
849|6365
219|778
219|790
219|1118
219|1173
219|2810
219|7520
219|8000
219|8668
401|581
401|1156
401|2908
113|554
302|1054
934|526
169|794
169|1032
169|1993
169|2785
169|2898
169|7017
169|8559
525|193
525|2838
525|5938
525|7092
525|9095
279|1079
644|416
644|4844
909|1004
917|2698
16|256
16|570
16|2861
234|1043
39|246
714|146
714|2960
714|6175
930|1749
930|1910
930|1987
930|2031
930|2060
930|2844
930|2906
930|6987
757|1419
775|1536
129|412
129|2045
129|2086
833|283
833|589
833|1498
833|1759
833|2835
833|2969
546|1421
546|2802
898|1940
6|6
6|790
6|1454
6|2014
6|3056
6|6413
6|7380
324|146
324|575
324|1021
324|2973
324|3041
703|288
703|431
512|8
512|1411
512|2820
512|2855
512|3002
512|6397
512|9474
512|14609
750|416
750|458
750|1023
750|1994
750|7005
220|1747
98|143
98|774
98|786
98|809
93|412
93|976
93|2098
93|11410
897|781
897|1940
458|778
458|1403
458|1940
458|1995
458|2085
458|3059
458|5163
458|5189
458|7516
458|10449
438|2778
438|2784
438|2790
438|2799
438|11329
